{
  "train_rows": 5,
  "test_rows": 1,
  "mae": 2.0000010791577196,
  "rmse": 2.0000010791577196
}